{
  "paper_energy_per_inference_J": 0.459,
  "paper_energy_mJ": 459.0,
  "paper_energy_per_timestep_mJ": 0.765,
  "n_samples": 264,
  "total_spikes": 80714932.0,
  "avg_spikes_per_sample": 305738.3787878788,
  "energy_per_spike_J": 1.7838772422290688e-06,
  "energy_calibration_source": "paper_energy_div_reference_avg_spikes",
  "reference_avg_spikes_per_sample": 257304.70075757575,
  "reference_energy_per_spike_J": 1.7838772422290688e-06,
  "estimated_total_energy_J": 143.98553030286683,
  "estimated_energy_per_sample_J": 0.5453997359957077,
  "uncertainty_fraction": 0.5,
  "estimated_energy_total_J_uncertainty": [
    71.99276515143342,
    215.97829545430025
  ],
  "timestamp": "2026-05-06T05:51:17.935702"
}