{
  "paper_energy_per_inference_J": 0.459,
  "paper_energy_mJ": 459.0,
  "paper_energy_per_timestep_mJ": 0.765,
  "n_samples": 264,
  "total_spikes": 4806801.0,
  "avg_spikes_per_sample": 18207.579545454544,
  "energy_per_spike_J": 2.520928159913423e-05,
  "estimated_total_energy_J": 121.17600000000002,
  "estimated_energy_per_sample_J": 0.4590000000000001,
  "uncertainty_fraction": 0.5,
  "estimated_energy_total_J_uncertainty": [
    60.58800000000001,
    181.764
  ],
  "timestamp": "2026-05-05T09:01:08.274900"
}