{
  "dataset": {
    "n_results_samples": 100,
    "n_samples_for_test_loader": 100,
    "timestamp": "2026-03-13T13:46:57.170292"
  },
  "buckets": {
    "sparse": {
      "samples": 73,
      "model_total_energy_J": 2.325591767861477,
      "lzc_total_energy_J": 0.04773455910000001,
      "combined_total_energy_J": 2.3733263269614766,
      "combined_avg_energy_per_sample_J": 0.03251131954741749,
      "total_output_spikes": 106415,
      "combined_avg_energy_per_spike_J": 2.2302554404562105e-05,
      "lzc_energy_pct_of_combined": 2.011293540113956,
      "lzc_rows_used": 73,
      "lzc_cycles_total": 265191995,
      "lzc_latency_total_s": 3.3148999375,
      "lzc_avg_latency_per_row_s": 0.04540958818493151,
      "lzc_avg_latency_per_sample_s": 0.04540958818493151,
      "model_avg_inf_duration_s": 9.534570805013995,
      "combined_avg_inference_time_s": 9.579980393198927
    },
    "dense_bucket": {
      "samples": 27,
      "model_total_energy_J": 0.8617758243555566,
      "lzc_total_energy_J": 0.019754838,
      "combined_total_energy_J": 0.8815306623555565,
      "combined_avg_energy_per_sample_J": 0.03264928379094654,
      "total_output_spikes": 1185411,
      "combined_avg_energy_per_spike_J": 7.436498078350518e-07,
      "lzc_energy_pct_of_combined": 2.2409700358252636,
      "lzc_rows_used": 27,
      "lzc_cycles_total": 109749100,
      "lzc_latency_total_s": 1.37186375,
      "lzc_avg_latency_per_row_s": 0.05080976851851852,
      "lzc_avg_latency_per_sample_s": 0.05080976851851852,
      "model_avg_inf_duration_s": 9.536301021222714,
      "combined_avg_inference_time_s": 9.587110789741233
    }
  },
  "lzc": {
    "file_rows": 2947,
    "used_rows": 100,
    "available": true
  },
  "measured_stats": {
    "sparse_stats": {
      "total_samples": 73,
      "total_energy_J": 2.325591767861477,
      "avg_energy_per_sample_J": 0.03185742147755448,
      "total_inf_duration_s": 696.0236687660217,
      "per_sample_count_recorded": 73,
      "failed_runs": 0
    },
    "dense_bucket_stats": {
      "total_samples": 27,
      "total_energy_J": 0.8617758243555566,
      "avg_energy_per_sample_J": 0.03191762312427987,
      "total_inf_duration_s": 257.4801275730133,
      "per_sample_count_recorded": 27,
      "failed_runs": 0
    },
    "dense_all_stats": {
      "total_samples": 100,
      "total_energy_J": 3.191343511482161,
      "avg_energy_per_sample_J": 0.03191343511482161,
      "total_inf_duration_s": 953.4105582237244,
      "per_sample_count_recorded": 100,
      "failed_runs": 0
    }
  },
  "dense_all_baseline": {
    "total_energy_J": 3.191343511482161,
    "total_samples": 100,
    "total_inf_duration_s": 953.4105582237244,
    "avg_energy_per_sample_J": 0.03191343511482161,
    "avg_inf_time_s": 9.534105582237244
  },
  "routed": {
    "sparse_sample_count": 73,
    "dense_sample_count": 27,
    "total_routed_samples": 100,
    "routed_total_time_s": 958.190560026535,
    "routed_avg_inf_per_sample_s": 9.58190560026535,
    "routed_total_energy_J": 3.1873675922170333
  },
  "comparisons": {
    "dense_only_total_energy_measured_J": 3.191343511482161,
    "routed_total_energy_measured_J": 3.1873675922170333,
    "energy_saved_J": 0.0039759192651276365,
    "energy_saved_fraction": 0.0012458449711924286,
    "dense_only_total_time_s": 953.4105582237244,
    "routed_total_time_s": 958.190560026535,
    "latency_saved_s": -4.780001802810602,
    "latency_saved_fraction": -0.005013581779203395
  },
  "sparse_indices_sampled": [
    1,
    3,
    4,
    5,
    6,
    7,
    8,
    9,
    14,
    15,
    16,
    17,
    19,
    20,
    21,
    22,
    23,
    25,
    26,
    27,
    28,
    29,
    30,
    31,
    33,
    35,
    36,
    40,
    41,
    42,
    43,
    44,
    45,
    50,
    52,
    55,
    56,
    57,
    59,
    62,
    63,
    64,
    65,
    67,
    68,
    69,
    70,
    71,
    72,
    73,
    74,
    75,
    76,
    77,
    78,
    79,
    80,
    81,
    82,
    83,
    85,
    86,
    87,
    89,
    90,
    92,
    93,
    94,
    95,
    96,
    97,
    98,
    99
  ],
  "dense_indices_sampled": [
    0,
    2,
    10,
    11,
    12,
    13,
    18,
    24,
    32,
    34,
    37,
    38,
    39,
    46,
    47,
    48,
    49,
    51,
    53,
    54,
    58,
    60,
    61,
    66,
    84,
    88,
    91
  ]
}