{
  "sparse": {
    "samples": 28,
    "model_total_energy_J": 0.3190164895611827,
    "lzc_total_energy_J": 0.018547039799999998,
    "combined_total_energy_J": 0.3375635293611827,
    "combined_avg_energy_per_sample_J": 0.012055840334327954,
    "total_output_spikes": 0,
    "combined_avg_energy_per_spike_J": NaN,
    "lzc_energy_pct_of_combined": 5.494384963653828,
    "lzc_rows_used": 28,
    "lzc_cycles_total": 103039110,
    "lzc_latency_total_s": 1.287988875,
    "lzc_avg_latency_per_row_s": 0.04599960267857143,
    "lzc_avg_latency_per_sample_s": 0.04599960267857143,
    "model_avg_inf_duration_s": 9.542452263832093,
    "combined_avg_inference_time_s": 9.588451866510665
  },
  "dense": {
    "samples": 47,
    "model_total_energy_J": 0.3196904095002589,
    "lzc_total_energy_J": 0.03429474083999999,
    "combined_total_energy_J": 0.3539851503402589,
    "combined_avg_energy_per_sample_J": 0.007531598943409764,
    "total_output_spikes": 400925,
    "combined_avg_energy_per_spike_J": 8.829211207588923e-07,
    "lzc_energy_pct_of_combined": 9.688186300197925,
    "lzc_rows_used": 47,
    "lzc_cycles_total": 190526338,
    "lzc_latency_total_s": 2.381579225,
    "lzc_avg_latency_per_row_s": 0.05067189840425532,
    "lzc_avg_latency_per_sample_s": 0.05067189840425532,
    "model_avg_inf_duration_s": 9.544313955307008,
    "combined_avg_inference_time_s": 9.594985853711263
  },
  "global": {
    "n_results_samples": 75,
    "n_lzc_rows": 2947,
    "used_lzc_rows": 75,
    "stm32_freq_hz": 80000000.0,
    "energy_per_cycle_J": 1.8e-10
  },
  "sparse_indices": [
    1,
    6,
    7,
    14,
    16,
    17,
    19,
    20,
    22,
    25,
    26,
    27,
    28,
    29,
    30,
    41,
    45,
    56,
    62,
    63,
    64,
    65,
    67,
    69,
    70,
    71,
    73,
    74
  ],
  "dense_indices": [
    0,
    2,
    3,
    4,
    5,
    8,
    9,
    10,
    11,
    12,
    13,
    15,
    18,
    21,
    23,
    24,
    31,
    32,
    33,
    34,
    35,
    36,
    37,
    38,
    39,
    40,
    42,
    43,
    44,
    46,
    47,
    48,
    49,
    50,
    51,
    52,
    53,
    54,
    55,
    57,
    58,
    59,
    60,
    61,
    66,
    68,
    72
  ],
  "timestamp": "2026-02-27T14:26:44.088825"
}