{
  "sparse": {
    "samples": 51,
    "model_total_energy_J": 1.6186528582599908,
    "lzc_total_energy_J": 0.034888131180000004,
    "combined_total_energy_J": 1.6535409894399908,
    "combined_avg_energy_per_sample_J": 0.032422372341960604,
    "total_output_spikes": 74085,
    "combined_avg_energy_per_spike_J": 2.231951122953352e-05,
    "lzc_energy_pct_of_combined": 2.1099042238932135,
    "lzc_rows_used": 51,
    "lzc_cycles_total": 193822951,
    "lzc_latency_total_s": 2.4227868875,
    "lzc_avg_latency_per_row_s": 0.04750562524509804,
    "lzc_avg_latency_per_sample_s": 0.04750562524509804,
    "model_avg_inf_duration_s": 9.534604081920548,
    "combined_avg_inference_time_s": 9.582109707165646
  },
  "dense": {
    "samples": 24,
    "model_total_energy_J": 0.7641907820496924,
    "lzc_total_energy_J": 0.017953649460000002,
    "combined_total_energy_J": 0.7821444315096924,
    "combined_avg_energy_per_sample_J": 0.03258935131290385,
    "total_output_spikes": 1054638,
    "combined_avg_energy_per_spike_J": 7.416236011879834e-07,
    "lzc_energy_pct_of_combined": 2.295439146110896,
    "lzc_rows_used": 24,
    "lzc_cycles_total": 99742497,
    "lzc_latency_total_s": 1.2467812125,
    "lzc_avg_latency_per_row_s": 0.0519492171875,
    "lzc_avg_latency_per_sample_s": 0.0519492171875,
    "model_avg_inf_duration_s": 9.536283493041992,
    "combined_avg_inference_time_s": 9.588232710229493
  },
  "global": {
    "n_results_samples": 75,
    "n_lzc_rows": 2947,
    "used_lzc_rows": 75,
    "stm32_freq_hz": 80000000.0,
    "energy_per_cycle_J": 1.8e-10
  },
  "sparse_indices": [
    1,
    3,
    4,
    5,
    6,
    7,
    8,
    9,
    14,
    15,
    16,
    17,
    19,
    20,
    21,
    22,
    23,
    25,
    26,
    27,
    28,
    29,
    30,
    31,
    33,
    35,
    36,
    40,
    41,
    42,
    43,
    44,
    45,
    50,
    52,
    55,
    56,
    57,
    59,
    62,
    63,
    64,
    65,
    67,
    68,
    69,
    70,
    71,
    72,
    73
  ],
  "dense_indices": [
    0,
    2,
    10,
    11,
    12,
    13,
    18,
    24,
    32,
    34,
    37,
    38,
    39,
    46,
    47,
    48,
    49,
    51,
    53,
    54,
    58,
    60,
    61,
    66
  ],
  "timestamp": "2026-03-13T12:19:16.851705"
}