{
  "sparse": {
    "samples": 28,
    "model_total_energy_J": 0.31897585576235565,
    "lzc_total_energy_J": 0.018547039799999998,
    "combined_total_energy_J": 0.33752289556235565,
    "combined_avg_energy_per_sample_J": 0.012054389127226988,
    "total_output_spikes": 0,
    "combined_avg_energy_per_spike_J": NaN,
    "lzc_energy_pct_of_combined": 5.49504642317621
  },
  "dense": {
    "samples": 47,
    "model_total_energy_J": 0.31961982920372967,
    "lzc_total_energy_J": 0.03429474083999999,
    "combined_total_energy_J": 0.35391457004372967,
    "combined_avg_energy_per_sample_J": 0.007530097234972972,
    "total_output_spikes": 400925,
    "combined_avg_energy_per_spike_J": 8.827450771184877e-07,
    "lzc_energy_pct_of_combined": 9.690118390933307
  },
  "global": {
    "n_results_samples": 75,
    "n_lzc_rows": 2947,
    "used_lzc_rows": 75
  },
  "sparse_indices": [
    1,
    6,
    7,
    14,
    16,
    17,
    19,
    20,
    22,
    25,
    26,
    27,
    28,
    29,
    30,
    41,
    45,
    56,
    62,
    63,
    64,
    65,
    67,
    69,
    70,
    71,
    73,
    74
  ],
  "dense_indices": [
    0,
    2,
    3,
    4,
    5,
    8,
    9,
    10,
    11,
    12,
    13,
    15,
    18,
    21,
    23,
    24,
    31,
    32,
    33,
    34,
    35,
    36,
    37,
    38,
    39,
    40,
    42,
    43,
    44,
    46,
    47,
    48,
    49,
    50,
    51,
    52,
    53,
    54,
    55,
    57,
    58,
    59,
    60,
    61,
    66,
    68,
    72
  ],
  "timestamp": "2026-02-27T13:41:57.498208"
}